state,year,month,T2M_MAX,T2M_MIN,RH2M,PRECTOTCORR,Coal,Solar,Total Generation,Wind
Andhra Pradesh,2024,1,30.786774193548386,18.92,74.10064516129032,0.37,3097.59,351.215,7474.92,244.17
Andhra Pradesh,2024,2,35.63620689655173,20.940344827586205,63.43931034482759,0.0,3034.395,417.52,7376.38,242.94
Andhra Pradesh,2024,3,39.17451612903226,24.02290322580645,55.77967741935484,1.04,3381.13,400.98,8035.41,215.25
Andhra Pradesh,2024,4,42.95633333333333,26.50766666666667,51.282,0.16,3474.26,400.55,8280.23,213.92
Andhra Pradesh,2024,5,39.43709677419355,27.897096774193543,63.36741935483871,102.89,3464.315,373.57,8348.22,310.33500000000004
Andhra Pradesh,2024,6,34.568333333333335,26.50333333333333,71.876,189.55,3111.545,314.455,7960.97,545.805
Andhra Pradesh,2024,7,32.44709677419355,25.311290322580643,79.05193548387098,262.5,2600.645,294.6,7038.44,546.6949999999999
Andhra Pradesh,2024,8,31.47258064516129,25.59774193548387,85.15903225806451,282.02,2780.19,311.305,7818.74,535.56
Andhra Pradesh,2024,9,30.705,24.606,87.114,198.35,2732.86,318.83500000000004,7672.3,531.1
Andhra Pradesh,2024,10,30.585806451612903,24.331612903225807,87.29903225806451,144.79,3052.82,313.545,7506.5,104.8
Andhra Pradesh,2024,11,29.344,20.96966666666667,83.95133333333334,14.84,2849.945,283.88,6703.02,113.74
Andhra Pradesh,2024,12,30.19935483870968,20.6883870967742,80.71354838709676,18.93,2724.51,261.505,6424.13,152.03
Andhra Pradesh,2025,1,31.45,19.48,74.06,0.0,3149.885,361.93,7637.87,215.785
Arunachal Pradesh,2024,1,20.411290322580644,9.848709677419356,70.13741935483871,3.98,0.0,0.11,148.77,0.0
Arunachal Pradesh,2024,2,21.631724137931037,11.228620689655171,67.27275862068966,36.14,0.0,0.075,150.0,0.0
Arunachal Pradesh,2024,3,26.301290322580645,15.126129032258063,63.38677419354839,89.94,0.0,0.055,226.88,0.0
Arunachal Pradesh,2024,4,30.645666666666667,19.35833333333333,63.884,115.02,0.0,0.065,237.47,0.0
Arunachal Pradesh,2024,5,31.47967741935484,21.92838709677419,68.83387096774193,216.71,0.0,0.065,329.09,0.0
Arunachal Pradesh,2024,6,30.875333333333334,24.361,83.66266666666667,503.38,0.0,0.0349999999999999,523.65,0.0
Arunachal Pradesh,2024,7,30.99322580645161,25.00258064516129,84.74,441.58,0.0,0.0349999999999999,603.55,0.0
Arunachal Pradesh,2024,8,30.90903225806452,24.51451612903226,84.26677419354839,352.6,0.0,0.05,516.87,0.0
Arunachal Pradesh,2024,9,31.354333333333333,24.698,79.92133333333332,170.57,0.0,0.075,440.15,0.0
Arunachal Pradesh,2024,10,27.031935483870967,20.318064516129034,85.47419354838709,211.1,0.0,0.0699999999999999,569.17,0.0
Arunachal Pradesh,2024,11,24.180333333333333,15.779,80.30566666666667,3.3,0.0,0.08,329.22,0.0
Arunachal Pradesh,2024,12,20.48354838709677,10.634193548387096,77.04387096774194,0.5800000000000001,0.0,0.09,222.34,0.0
Arunachal Pradesh,2025,1,20.32,11.29,77.46,0.0,0.0,0.105,142.54,0.0
Assam,2024,1,21.754516129032258,9.438387096774193,76.0125806451613,2.94,226.62,15.005,748.0,0.0
Assam,2024,2,24.056206896551725,10.79551724137931,68.25655172413794,13.740000000000002,168.445,13.83,600.84,0.0
Assam,2024,3,28.850967741935484,14.953548387096774,61.774193548387096,108.45,247.105,15.57,794.41,0.0
Assam,2024,4,33.815666666666665,19.96466666666667,59.247,63.29,260.345,16.045,819.47,0.0
Assam,2024,5,33.54064516129032,22.25032258064516,70.16290322580646,389.38,227.45,15.235,852.47,0.0
Assam,2024,6,33.114333333333335,24.417,81.10066666666667,606.92,224.63,11.485,876.59,0.0
Assam,2024,7,33.53193548387097,25.24967741935484,83.07354838709678,350.02,247.41000000000005,14.375,913.11,0.0
Assam,2024,8,32.0841935483871,24.25032258064516,84.67483870967742,338.15,230.06,14.395,841.99,0.0
Assam,2024,9,32.71333333333333,24.086333333333336,82.43666666666667,140.2,243.29,15.56,854.13,0.0
Assam,2024,10,29.273225806451613,20.758387096774197,85.5209677419355,169.6,251.955,10.895,881.79,0.0
Assam,2024,11,26.25933333333333,15.52,81.43866666666666,1.48,198.695,15.205,733.62,0.0
Assam,2024,12,22.441290322580645,10.359354838709676,80.07032258064515,0.08,179.255,15.260000000000002,712.46,0.0
Assam,2025,1,21.43,10.39,84.32,0.0,225.17,13.995,788.7,0.0
Bihar,2024,1,23.364193548387096,8.994193548387097,53.50645161290323,0.71,2342.675,8.120000000000001,4626.83,0.0
Bihar,2024,2,27.905862068965515,12.352758620689656,43.93758620689656,17.3,2641.225,8.1,5223.83,0.0
Bihar,2024,3,34.15903225806452,17.25741935483871,35.99903225806452,23.15,2712.25,11.575,5367.25,0.0
Bihar,2024,4,41.86266666666667,25.350666666666665,20.76333333333333,1.39,2775.3900000000003,11.345,5475.15,0.0
Bihar,2024,5,41.30193548387096,27.806129032258063,35.111612903225804,44.61,2729.365,12.265,5383.26,0.0
Bihar,2024,6,43.47366666666667,31.615666666666662,37.57966666666667,58.35,2731.525,16.115000000000002,5395.28,0.0
Bihar,2024,7,35.88967741935484,28.288387096774198,73.25322580645161,187.67,2463.945,14.655,4860.69,0.0
Bihar,2024,8,32.80935483870968,26.61870967741936,83.21000000000001,240.23,2401.17,14.54,4735.77,0.0
Bihar,2024,9,32.135666666666665,25.884666666666664,85.04066666666667,159.44,2442.68,14.375,4818.41,0.0
Bihar,2024,10,32.50677419354839,22.97870967741936,76.13193548387098,6.46,2782.685,12.81,5492.64,0.0
Bihar,2024,11,30.069000000000003,16.997333333333334,60.382,0.0,2495.675,12.6,4919.34,0.0
Bihar,2024,12,26.10903225806452,11.595806451612903,55.54741935483871,0.02,2365.5,12.965,4685.25,0.0
Bihar,2025,1,23.37,8.51,50.62,0.0,2353.0550000000003,13.315,4662.62,0.0
Chhattisgarh,2024,1,25.33225806451613,11.328064516129032,71.12161290322581,6.45,7339.115000000001,39.725,14810.0,0.0
Chhattisgarh,2024,2,30.43793103448276,14.777241379310343,56.76862068965517,10.89,6753.44,56.175,13650.29,0.0
Chhattisgarh,2024,3,35.476129032258065,18.8,41.59516129032258,36.46,7193.525,65.95,14554.64,0.0
Chhattisgarh,2024,4,40.217,24.67533333333333,35.983,37.67,7312.34,68.875,14798.6,0.0
Chhattisgarh,2024,5,42.17903225806452,27.806451612903224,31.60935483870968,25.65,7713.375,77.255,15618.87,0.0
Chhattisgarh,2024,6,38.757,28.585,53.61533333333333,174.44,7244.330000000001,61.795,14628.62,0.0
Chhattisgarh,2024,7,32.11838709677419,25.21741935483871,82.41193548387096,418.92,6751.26,43.715,13660.63,0.0
Chhattisgarh,2024,8,29.52516129032258,24.39032258064516,89.68387096774192,381.02,6127.355,49.545,12461.34,0.0
Chhattisgarh,2024,9,30.20533333333333,24.23733333333333,88.32533333333335,237.61,6076.145,61.105,12410.95,0.0
Chhattisgarh,2024,10,30.184516129032257,21.87451612903226,83.22806451612904,12.11,6720.53,64.355,13711.26,0.0
Chhattisgarh,2024,11,26.26033333333333,14.621333333333332,75.28733333333334,0.59,6381.01,57.68,12930.06,0.0
Chhattisgarh,2024,12,25.306451612903224,12.68516129032258,74.78999999999999,5.890000000000001,7216.49,62.365,14624.13,0.0
Chhattisgarh,2025,1,24.02,8.76,56.63,0.0,7653.76,64.73,15520.41,0.0
Delhi,2024,1,21.346129032258062,6.265806451612904,49.89870967741936,2.43,0.0,10.565,439.33,0.0
Delhi,2024,2,25.341379310344827,9.359655172413794,43.32344827586207,21.950000000000003,0.0,11.12,342.0,0.0
Delhi,2024,3,32.10225806451613,14.601290322580644,33.15774193548388,19.23,0.0,11.74,274.56,0.0
Delhi,2024,4,38.72533333333333,22.81833333333333,22.787666666666667,4.01,0.0,11.03,355.23,0.0
Delhi,2024,5,44.18225806451613,27.94645161290323,18.50225806451613,0.49,0.0,9.645,827.09,0.0
Delhi,2024,6,43.85733333333334,31.40033333333333,30.693666666666665,74.8,0.0,9.655,819.84,0.0
Delhi,2024,7,36.22677419354839,27.78258064516129,72.15612903225806,217.95,0.0,10.21,536.27,0.0
Delhi,2024,8,32.185483870967744,25.79258064516129,84.96032258064515,193.11,0.0,10.57,437.94,0.0
Delhi,2024,9,31.705,24.665000000000003,83.81933333333333,277.87,0.0,11.33,315.89,0.0
Delhi,2024,10,32.14645161290323,19.81677419354839,67.70354838709677,0.16,0.0,10.935,369.72,0.0
Delhi,2024,11,28.812666666666665,14.822333333333336,54.82,0.0,0.0,13.49,176.14,0.0
Delhi,2024,12,23.116451612903223,8.423225806451613,49.27322580645161,16.14,0.0,18.23,89.41,0.0
Delhi,2025,1,22.69,4.7,45.72,0.0,0.0,14.18,154.31,0.0
Goa,2024,1,30.471290322580646,24.123548387096776,62.10967741935483,7.55,0.0,46.145,5.44,0.0
Goa,2024,2,32.20379310344828,24.85896551724138,57.19586206896552,0.0,0.0,46.145,5.44,0.0
Goa,2024,3,32.59451612903226,25.66774193548387,61.88935483870968,0.19,0.0,46.145,5.44,0.0
Goa,2024,4,33.538666666666664,27.644333333333336,66.836,69.1,0.0,46.145,5.44,0.0
Goa,2024,5,32.90838709677419,28.25483870967742,72.9674193548387,70.66,0.0,46.145,5.44,0.0
Goa,2024,6,29.55133333333333,27.494333333333334,82.75133333333333,677.88,0.0,46.145,5.44,0.0
Goa,2024,7,28.013548387096773,26.66741935483871,89.93225806451613,1560.14,0.0,46.145,5.44,0.0
Goa,2024,8,28.286774193548386,26.36354838709677,89.00225806451614,624.68,0.0,46.145,5.44,0.0
Goa,2024,9,28.456333333333337,26.305666666666664,85.244,299.29,0.0,46.145,5.44,0.0
Goa,2024,10,29.61290322580645,26.27741935483871,83.00935483870968,492.14,0.0,46.145,5.44,0.0
Goa,2024,11,30.040333333333333,23.876666666666665,74.77199999999999,22.8,0.0,46.145,5.44,0.0
Goa,2024,12,29.78548387096774,24.19193548387097,74.33161290322582,9.92,0.0,46.145,5.44,0.0
Goa,2025,1,31.43,22.41,67.66,0.0,0.0,46.145,5.44,0.0
Gujarat,2024,1,29.306774193548385,12.725161290322582,41.08451612903225,0.4,3752.81,618.4,11592.54,733.9499999999999
Gujarat,2024,2,33.215862068965514,15.771379310344829,29.47068965517241,0.0,3320.965,610.5,11107.38,880.69
Gujarat,2024,3,37.13,18.725806451612904,24.720967741935485,3.2,3384.545,772.865,11901.77,901.985
Gujarat,2024,4,40.64566666666666,24.813333333333333,26.758666666666667,0.02,4100.245,792.715,14269.61,972.95
Gujarat,2024,5,44.27903225806452,28.531935483870967,30.427096774193547,6.2,4206.67,881.82,16290.2,1530.42
Gujarat,2024,6,40.60333333333333,29.47433333333333,48.95166666666667,93.55,4172.68,740.035,15709.42,1395.555
Gujarat,2024,7,34.87419354838709,27.017419354838708,76.47096774193548,227.47,3675.375,597.265,13153.7,1449.96
Gujarat,2024,8,32.03709677419355,25.427419354838708,84.18516129032257,432.32,3098.795,622.185,13558.33,1590.61
Gujarat,2024,9,30.89,24.377,87.36166666666666,214.76,2420.57,752.2900000000001,10911.61,781.37
Gujarat,2024,10,31.195483870967745,22.48354838709677,80.76032258064517,20.36,3813.135,813.625,12406.08,442.495
Gujarat,2024,11,29.252333333333336,15.959333333333335,64.58533333333334,0.0,3282.385,824.26,10124.85,432.69
Gujarat,2024,12,27.003870967741936,10.86451612903226,58.07935483870968,0.18,3411.865,730.185,12587.71,1303.96
Gujarat,2025,1,29.09,11.7,55.29,0.0,3567.575,918.695,12483.88,992.4
Haryana,2024,1,20.651612903225807,8.215806451612902,49.37548387096775,1.92,1409.92,50.135000000000005,2871.45,0.0
Haryana,2024,2,22.349655172413797,9.49103448275862,47.306896551724144,44.5,1032.965,50.735,2119.35,0.0
Haryana,2024,3,28.767419354838708,14.60516129032258,43.75322580645161,61.68,1006.725,51.09,2077.69,0.0
Haryana,2024,4,34.92966666666667,20.244333333333334,33.72233333333333,20.61,1372.955,61.595,2829.09,0.0
Haryana,2024,5,41.61451612903225,26.20741935483871,22.43032258064516,8.0,1388.63,61.495000000000005,2966.21,0.0
Haryana,2024,6,42.634,29.608,29.497333333333334,59.85,1471.87,61.385000000000005,3139.36,0.0
Haryana,2024,7,35.344193548387096,26.86258064516129,71.79838709677419,318.63,1570.725,61.335,3222.77,0.0
Haryana,2024,8,30.81451612903226,25.351935483870967,86.14258064516129,401.39,1438.48,61.5,2958.76,0.0
Haryana,2024,9,30.751666666666665,23.884666666666664,83.69866666666667,223.22,1358.965,66.625,2803.67,0.0
Haryana,2024,10,30.501290322580644,19.831612903225807,66.68161290322581,3.2700000000000005,1368.385,70.055,2849.2,0.0
Haryana,2024,11,26.994,15.483,55.576,0.0,1018.04,63.965,2139.93,0.0
Haryana,2024,12,21.605483870967745,9.409354838709678,48.31870967741936,37.02,1188.245,63.575,2479.1,0.0
Haryana,2025,1,21.46,6.33,46.11,0.0,1225.845,63.505,2554.07,0.0
Himachal Pradesh,2024,1,18.47741935483871,6.459032258064516,48.84806451612903,4.87,0.0,2.395,1313.59,0.0
Himachal Pradesh,2024,2,19.007241379310347,6.543793103448277,51.49586206896552,68.45,0.0,2.275,1272.71,0.0
Himachal Pradesh,2024,3,24.636129032258065,11.800645161290324,50.02516129032258,90.42,0.0,3.135,1737.41,0.0
Himachal Pradesh,2024,4,30.43133333333333,16.933,40.737,34.86,0.0,3.22,2172.64,0.0
Himachal Pradesh,2024,5,36.84129032258064,22.23032258064516,30.298709677419357,14.37,0.0,4.3100000000000005,5145.62,0.0
Himachal Pradesh,2024,6,38.68366666666667,25.82033333333333,33.58266666666667,76.63,0.0,3.945,5982.79,0.0
Himachal Pradesh,2024,7,32.36967741935484,24.687419354838703,74.36451612903227,311.23,0.0,3.87,6703.35,0.0
Himachal Pradesh,2024,8,28.37451612903226,23.182258064516127,86.81612903225808,369.98,0.0,3.665,6491.89,0.0
Himachal Pradesh,2024,9,28.27133333333333,21.526,85.119,204.77,0.0,3.28,5530.53,0.0
Himachal Pradesh,2024,10,27.227096774193548,17.91741935483871,66.88000000000001,2.3200000000000003,0.0,3.985,3144.83,0.0
Himachal Pradesh,2024,11,23.92866666666667,13.733,55.822,0.0,0.0,5.23,1815.73,0.0
Himachal Pradesh,2024,12,19.24870967741936,7.418064516129032,47.60903225806452,40.97,0.0,4.390000000000001,1530.68,0.0
Himachal Pradesh,2025,1,19.01,5.68,43.98,0.0,0.0,4.505,1225.48,0.0
Jharkhand,2024,1,22.261612903225807,8.488064516129032,61.89387096774194,4.5,1677.015,0.76,3263.77,0.0
Jharkhand,2024,2,26.571724137931035,12.102413793103448,54.71896551724138,37.63,1552.465,0.76,3013.36,0.0
Jharkhand,2024,3,31.131612903225808,16.25032258064516,46.31548387096774,46.36,1673.6850000000002,0.76,3254.72,0.0
Jharkhand,2024,4,37.66466666666667,22.587333333333333,30.782333333333334,5.75,1785.265,0.755,3480.66,0.0
Jharkhand,2024,5,38.98806451612904,24.606129032258064,36.91161290322581,40.03,1868.57,0.755,3652.67,0.0
Jharkhand,2024,6,38.63166666666667,26.524,48.79933333333334,160.68,1727.15,0.755,3363.29,0.0
Jharkhand,2024,7,31.043548387096774,24.048387096774192,83.88129032258065,266.55,1797.305,0.755,3506.67,0.0
Jharkhand,2024,8,28.63258064516129,23.345161290322583,89.9932258064516,463.52,1638.29,0.76,3227.38,0.0
Jharkhand,2024,9,28.182,22.979666666666667,91.06533333333331,395.65,1496.83,0.76,2962.64,0.0
Jharkhand,2024,10,27.73516129032258,20.274838709677415,86.35193548387096,52.58,1704.285,0.755,3363.61,0.0
Jharkhand,2024,11,24.110333333333333,13.693,77.73933333333333,0.02,1631.5,0.76,3177.43,0.0
Jharkhand,2024,12,22.200000000000003,10.64,72.14967741935483,4.56,1535.63,0.76,2985.93,0.0
Jharkhand,2025,1,19.74,5.1,68.86,0.0,1654.43,0.76,3230.48,0.0
Karnataka,2024,1,31.06032258064516,16.990967741935485,62.435806451612905,3.36,2138.455,665.68,7829.86,320.635
Karnataka,2024,2,34.69758620689655,17.226206896551723,49.056896551724144,0.0,2001.145,742.075,7618.21,299.51
Karnataka,2024,3,36.68451612903226,19.372258064516128,37.770967741935486,0.0,2197.27,762.22,7925.02,257.985
Karnataka,2024,4,38.936,21.77133333333333,38.13633333333333,0.0999999999999999,2271.655,727.5500000000001,7885.67,256.085
Karnataka,2024,5,33.97354838709678,22.54548387096774,64.57225806451613,116.14,1991.415,702.0649999999999,7589.62,539.345
Karnataka,2024,6,29.368666666666662,20.175666666666665,75.77133333333333,148.02,1926.59,594.26,7855.71,772.47
Karnataka,2024,7,29.036451612903225,20.00774193548387,77.57064516129033,61.55,1749.4899999999998,508.455,9488.83,1439.585
Karnataka,2024,8,28.585806451612903,20.51516129032258,81.65064516129033,189.82,1544.905,581.155,8478.77,753.905
Karnataka,2024,9,29.57,19.795333333333332,77.90833333333333,49.52,1287.505,615.6750000000001,8028.12,814.255
Karnataka,2024,10,27.58645161290323,19.851935483870967,84.71,227.41,1597.565,710.895,7449.92,199.685
Karnataka,2024,11,27.236,18.045333333333332,82.90233333333335,41.53,1519.4250000000002,637.635,7480.03,409.68
Karnataka,2024,12,27.175483870967746,17.44516129032258,83.20387096774193,101.31,1942.635,548.66,8145.37,396.365
Karnataka,2025,1,27.68,14.35,76.49,0.0,2110.2000000000003,735.885,9225.42,548.72
Kerala,2024,1,29.496451612903225,23.31451612903226,80.62225806451613,25.2,0.0,63.075,547.81,3.75
Kerala,2024,2,32.84103448275862,24.05310344827586,70.67068965517241,3.83,0.0,70.375,565.07,4.65
Kerala,2024,3,35.321612903225805,26.33258064516129,62.32419354838709,31.4,0.0,74.425,641.56,2.065
Kerala,2024,4,34.343,28.06733333333333,70.22933333333334,60.26,0.0,102.785,769.5,2.765
Kerala,2024,5,30.756129032258062,27.581935483870968,81.16935483870968,444.18,0.0,71.11,688.7,5.535
Kerala,2024,6,28.638666666666666,26.13266666666667,88.76233333333333,258.88,0.0,82.145,921.06,8.61
Kerala,2024,7,27.940967741935484,25.46322580645161,90.65354838709676,204.44,0.0,52.45,1040.33,11.515
Kerala,2024,8,27.578064516129032,25.145806451612906,90.40483870967742,191.35,0.0,57.425,1129.29,7.6
Kerala,2024,9,28.46,25.630666666666663,88.517,123.6,0.0,73.72500000000001,975.3,10.175
Kerala,2024,10,28.323870967741936,25.68516129032258,87.02870967741936,279.92,0.0,81.525,750.43,2.6
Kerala,2024,11,28.943666666666665,25.279666666666667,82.473,171.35,0.0,77.315,659.0,2.3000000000000003
Kerala,2024,12,29.23935483870968,24.84032258064516,80.9767741935484,74.42999999999999,0.0,81.88499999999999,565.37,3.625
Kerala,2025,1,29.37,23.71,80.02,0.1,0.0,91.34,617.85,5.444999999999999
Madhya Pradesh,2024,1,25.99516129032258,9.98258064516129,55.36838709677419,13.03,6870.385,145.66500000000002,14686.28,85.395
Madhya Pradesh,2024,2,30.04310344827586,13.305172413793104,38.53689655172413,7.38,5841.615,199.355,12848.99,204.35
Madhya Pradesh,2024,3,34.92709677419355,17.144193548387097,27.941290322580645,6.27,6591.1900000000005,324.18,14474.03,215.48
Madhya Pradesh,2024,4,37.56133333333333,22.804666666666662,36.04766666666667,45.37,6654.33,242.745,14595.83,221.39
Madhya Pradesh,2024,5,42.40870967741936,28.02935483870968,25.35290322580645,9.72,6782.6,275.84000000000003,15264.25,300.33
Madhya Pradesh,2024,6,38.45766666666667,28.353,49.73633333333333,166.86,6529.685,250.44,14410.6,248.11
Madhya Pradesh,2024,7,31.27225806451613,24.76483870967742,84.13548387096773,520.41,5579.24,196.59,12434.19,266.925
Madhya Pradesh,2024,8,29.13225806451613,23.4158064516129,88.88516129032259,431.63,5184.52,210.59,12695.95,277.065
Madhya Pradesh,2024,9,29.37066666666667,23.147666666666662,88.80066666666667,225.5,5292.855,220.9,12810.14,190.545
Madhya Pradesh,2024,10,29.583870967741937,19.988709677419354,78.34806451612903,19.72,6014.11,327.255,13556.47,100.31
Madhya Pradesh,2024,11,26.822,13.516333333333334,68.98366666666666,0.0,6253.96,326.595,13729.95,80.80999999999999
Madhya Pradesh,2024,12,25.104193548387094,9.598387096774196,63.64677419354839,29.28,6090.155,318.235,13649.15,178.54000000000002
Madhya Pradesh,2025,1,24.05,7.24,62.27,0.0,6395.285,370.58,14327.55,144.665
Maharashtra,2024,1,32.266774193548386,17.431290322580644,52.87354838709677,1.07,5876.8150000000005,253.805,14770.05,175.455
Maharashtra,2024,2,35.69344827586207,19.409310344827585,43.19862068965517,0.2299999999999999,5860.03,278.815,14418.59,159.14
Maharashtra,2024,3,37.63451612903226,21.45451612903226,45.03387096774193,2.08,6100.23,315.01,15302.0,223.115
Maharashtra,2024,4,40.65533333333334,25.58133333333333,48.16133333333333,3.33,6224.884999999999,301.40000000000003,15616.8,225.63
Maharashtra,2024,5,39.230645161290326,27.173548387096773,59.85645161290322,39.73,6234.679999999999,318.11,16239.62,392.12
Maharashtra,2024,6,32.83166666666667,27.02433333333333,79.59133333333334,414.57,5515.935,260.075,14130.5,463.7
Maharashtra,2024,7,28.69935483870968,25.763870967741934,91.34354838709676,1361.02,4985.74,201.805,13749.03,830.64
Maharashtra,2024,8,29.020967741935483,25.17129032258065,90.73354838709676,629.17,4930.27,278.95,13384.01,535.03
Maharashtra,2024,9,29.031,24.51066666666667,89.47933333333334,480.5100000000001,4970.805,267.11,13048.59,353.075
Maharashtra,2024,10,31.55354838709677,23.686451612903223,83.52064516129032,194.78,5274.304999999999,344.935,13371.51,266.345
Maharashtra,2024,11,30.380333333333333,18.446,72.04133333333333,0.5900000000000001,5204.395,355.83,13089.62,187.78
Maharashtra,2024,12,30.008387096774197,17.53290322580645,71.76225806451613,5.11,5351.84,323.33,13876.65,159.315
Maharashtra,2025,1,31.99,18.33,68.91,0.0,5595.28,391.78,14233.32,160.93
Manipur,2024,1,21.080967741935485,7.421290322580645,60.4583870967742,0.04,0.0,1.495,25.76,0.0
Manipur,2024,2,22.28206896551724,9.594827586206897,64.79551724137932,53.93,0.0,2.9450000000000003,11.61,0.0
Manipur,2024,3,26.200000000000003,13.200645161290325,62.531612903225806,59.68,0.0,2.9,14.02,0.0
Manipur,2024,4,29.907666666666668,17.998,67.12366666666667,101.49,0.0,2.325,18.11,0.0
Manipur,2024,5,29.006129032258062,19.698709677419355,75.80354838709677,300.19,0.0,1.695,26.62,0.0
Manipur,2024,6,28.222,21.016,86.55266666666667,227.02,0.0,0.8200000000000001,76.37,0.0
Manipur,2024,7,28.59,21.4358064516129,87.07967741935484,325.8,0.0,0.81,78.87,0.0
Manipur,2024,8,27.49967741935484,20.84258064516129,88.82322580645162,320.21,0.0,0.8,78.36,0.0
Manipur,2024,9,28.087,20.884666666666664,85.43433333333334,155.79,0.0,0.825,74.18,0.0
Manipur,2024,10,25.29096774193548,17.96,88.25193548387097,157.21,0.0,0.8,78.74,0.0
Manipur,2024,11,22.58933333333333,13.300666666666666,82.571,24.93,0.0,0.86,76.29,0.0
Manipur,2024,12,20.19677419354839,9.023225806451611,75.05806451612904,0.01,0.0,0.835,79.72,0.0
Manipur,2025,1,20.39,9.12,70.44,0.0,0.0,0.91,68.79,0.0
Meghalaya,2024,1,16.698387096774194,5.237741935483872,78.52677419354839,1.77,0.0,0.0,45.05,0.0
Meghalaya,2024,2,18.124137931034483,6.544827586206897,71.46620689655172,35.84,0.0,0.0,35.04,0.0
Meghalaya,2024,3,21.677419354838708,10.392258064516128,71.0009677419355,158.3,0.0,0.0,27.32,0.0
Meghalaya,2024,4,24.99833333333333,14.449666666666667,74.96633333333332,176.07,0.0,0.0,41.18,0.0
Meghalaya,2024,5,25.424516129032256,17.57903225806452,83.0725806451613,733.57,0.0,0.0,86.99,0.0
Meghalaya,2024,6,25.671333333333333,20.24833333333333,91.37033333333332,1317.19,0.0,0.0,158.57,0.0
Meghalaya,2024,7,26.364193548387096,20.70096774193549,91.46516129032258,745.22,0.0,0.0,190.48,0.0
Meghalaya,2024,8,25.218387096774197,19.753870967741936,92.3367741935484,764.39,0.0,0.0,170.33,0.0
Meghalaya,2024,9,26.555666666666664,19.287333333333333,87.75399999999999,224.38,0.0,0.0,105.53,0.0
Meghalaya,2024,10,23.664516129032258,16.52516129032258,89.0441935483871,253.86,0.0,0.0,91.3,0.0
Meghalaya,2024,11,21.198666666666668,11.433666666666666,81.28166666666667,2.68,0.0,0.0,37.97,0.0
Meghalaya,2024,12,18.226129032258065,7.055806451612903,77.6758064516129,0.0,0.0,0.0,30.51,0.0
Meghalaya,2025,1,17.1,6.21,86.1,0.0,0.0,0.0,42.39,0.0
Mizoram,2024,1,20.934838709677415,8.923548387096774,76.48516129032258,3.33,0.0,0.675,24.6,0.0
Mizoram,2024,2,25.38379310344828,13.114482758620689,64.62655172413794,36.46,0.0,0.8,20.0,0.0
Mizoram,2024,3,29.62,16.703548387096774,59.18741935483871,114.53,0.0,0.91,17.1,0.0
Mizoram,2024,4,33.56966666666667,21.48633333333333,65.60233333333333,84.67,0.0,1.6,12.38,0.0
Mizoram,2024,5,30.16322580645161,22.38225806451613,83.4341935483871,518.98,0.0,1.31,15.55,0.0
Mizoram,2024,6,29.559,23.76966666666667,91.389,633.32,0.0,0.825,27.18,0.0
Mizoram,2024,7,29.524516129032257,23.843870967741932,91.6148387096774,403.69,0.0,0.5349999999999999,48.84,0.0
Mizoram,2024,8,27.80354838709677,22.99290322580645,93.85935483870968,873.37,0.0,5.255,46.45,0.0
Mizoram,2024,9,28.799,23.613666666666667,92.87666666666668,359.29999999999995,0.0,5.38,44.85,0.0
Mizoram,2024,10,27.56870967741936,21.21193548387097,91.68870967741935,295.18,0.0,4.395,48.82,0.0
Mizoram,2024,11,25.13133333333333,16.501333333333335,88.55266666666667,21.65,0.0,9.5,17.89,0.0
Mizoram,2024,12,22.42774193548387,12.178064516129032,83.21129032258065,1.86,0.0,9.795,17.25,0.0
Mizoram,2025,1,21.44,9.87,85.88,0.0,0.0,10.445,16.01,0.0
Nagaland,2024,1,17.80516129032258,5.2622580645161285,65.8474193548387,0.59,0.0,0.0,7.53,0.0
Nagaland,2024,2,19.582758620689653,6.522413793103448,69.39241379310344,44.9,0.0,0.0,5.86,0.0
Nagaland,2024,3,23.50258064516129,10.074193548387097,66.37096774193549,59.82,0.0,0.0,4.76,0.0
Nagaland,2024,4,27.80133333333333,14.488,68.16766666666666,67.1,0.0,0.0,7.86,0.0
Nagaland,2024,5,28.06870967741936,16.82,72.84612903225806,235.02,0.0,0.0,5.97,0.0
Nagaland,2024,6,28.874333333333333,18.898000000000003,79.64133333333332,286.07,0.0,0.0,23.54,0.0
Nagaland,2024,7,28.228387096774195,19.595161290322583,84.04806451612903,399.81,0.0,0.0,63.94,0.0
Nagaland,2024,8,27.404516129032256,18.825806451612905,85.19354838709677,321.58,0.0,0.0,69.52,0.0
Nagaland,2024,9,27.833666666666662,19.034666666666663,81.93933333333332,209.26,0.0,0.0,60.72,0.0
Nagaland,2024,10,24.91709677419355,15.919354838709678,84.39709677419354,125.74,0.0,0.0,23.65,0.0
Nagaland,2024,11,21.35833333333333,11.061,78.43166666666666,14.14,0.0,0.0,20.74,0.0
Nagaland,2024,12,18.325483870967744,6.779677419354838,73.10258064516128,0.02,0.0,0.0,20.19,0.0
Nagaland,2025,1,17.76,7.44,71.32,0.0,0.0,0.0,7.54,0.0
Odisha,2024,1,26.767419354838708,13.416451612903227,69.56129032258065,22.67,2924.69,31.64,6294.02,0.0
Odisha,2024,2,31.941379310344825,17.576206896551724,57.56206896551724,9.13,2799.94,35.905,6037.88,0.0
Odisha,2024,3,36.307096774193546,21.565806451612904,55.88806451612904,54.35,2976.295,38.595,6348.93,0.0
Odisha,2024,4,42.48066666666667,26.44633333333333,42.269666666666666,13.59,2851.57,37.385,6149.99,0.0
Odisha,2024,5,39.80258064516129,27.41290322580645,60.39709677419355,132.32999999999998,2920.7250000000004,41.125,6230.87,0.0
Odisha,2024,6,35.817,27.422666666666665,72.21733333333333,183.67,2602.625,35.265,5583.94,0.0
Odisha,2024,7,32.134193548387096,26.153548387096773,85.33387096774193,274.05,2703.015,22.88,5924.32,0.0
Odisha,2024,8,30.73709677419355,25.84225806451613,88.77806451612904,289.36,2749.515,27.13,6252.31,0.0
Odisha,2024,9,30.777,25.52433333333333,89.35266666666666,305.19,2705.04,29.125,6388.58,0.0
Odisha,2024,10,30.532258064516128,23.858064516129037,86.95258064516128,126.74,3069.74,34.685,7212.5,0.0
Odisha,2024,11,27.086333333333336,17.634333333333334,80.873,5.17,3115.4700000000003,33.875,6762.3,0.0
Odisha,2024,12,25.21516129032258,15.516774193548386,81.56161290322581,67.26,3186.65,28.525,6635.86,0.0
Odisha,2025,1,23.28,12.0,69.99,0.0,2969.15,28.545,6284.04,0.0
Punjab,2024,1,20.651612903225807,8.215806451612902,49.37548387096775,1.92,1500.2800000000002,19.9,3356.83,0.0
Punjab,2024,2,22.349655172413797,9.49103448275862,47.306896551724144,44.5,1256.06,51.66,2898.95,0.0
Punjab,2024,3,28.767419354838708,14.60516129032258,43.75322580645161,61.68,1318.255,68.185,3091.03,0.0
Punjab,2024,4,34.92966666666667,20.244333333333334,33.72233333333333,20.61,1513.26,65.60000000000001,3484.35,0.0
Punjab,2024,5,41.61451612903225,26.20741935483871,22.43032258064516,8.0,1694.555,69.77999999999999,4018.37,0.0
Punjab,2024,6,42.634,29.608,29.497333333333334,59.85,1656.255,61.85,3976.34,0.0
Punjab,2024,7,35.344193548387096,26.86258064516129,71.79838709677419,318.63,1734.425,69.11,4225.44,0.0
Punjab,2024,8,30.81451612903226,25.351935483870967,86.14258064516129,401.39,1424.485,61.795,3463.26,0.0
Punjab,2024,9,30.751666666666665,23.884666666666664,83.69866666666667,223.22,1537.305,59.945,3705.62,0.0
Punjab,2024,10,30.501290322580644,19.831612903225807,66.68161290322581,3.2700000000000005,1483.965,63.605,3407.12,0.0
Punjab,2024,11,26.994,15.483,55.576,0.0,1051.485,36.97,2415.41,0.0
Punjab,2024,12,21.605483870967745,9.409354838709678,48.31870967741936,37.02,1251.215,41.37,3071.5,0.0
Punjab,2025,1,21.46,6.33,46.11,0.0,1298.325,46.635,2985.97,0.0
Rajasthan,2024,1,23.291612903225804,6.950322580645161,41.57419354838709,0.9,2856.155,1398.125,9564.12,169.14
Rajasthan,2024,2,26.16103448275862,10.261379310344829,34.80896551724138,11.73,2648.98,1662.66,9927.24,285.71000000000004
Rajasthan,2024,3,32.70870967741936,15.837741935483873,24.746451612903225,1.96,2838.885,2033.59,11089.59,317.125
Rajasthan,2024,4,37.367,22.56033333333333,25.450666666666667,4.7,2805.8,1996.56,10682.92,260.38500000000005
Rajasthan,2024,5,43.48774193548387,28.19,18.728064516129034,3.73,2863.66,2274.985,11759.91,396.32
Rajasthan,2024,6,41.138000000000005,30.115333333333336,37.656,69.95,2906.47,2138.025,11743.89,488.575
Rajasthan,2024,7,34.74548387096774,26.806129032258063,74.23322580645161,264.98,2725.46,2092.36,11086.57,391.915
Rajasthan,2024,8,30.13096774193549,24.62516129032258,88.17516129032258,546.46,2396.91,1662.01,9778.94,426.9
Rajasthan,2024,9,30.468666666666664,23.69366666666667,85.73766666666667,178.22,2556.24,2004.1,10269.65,222.22
Rajasthan,2024,10,31.506129032258062,20.212903225806453,71.01225806451613,3.29,2515.2650000000003,2159.655,10516.26,170.20499999999998
Rajasthan,2024,11,28.28033333333333,15.121666666666666,56.74133333333334,0.0,2648.14,1945.74,10194.55,88.77
Rajasthan,2024,12,22.58935483870968,8.645806451612902,56.55516129032258,15.6,2774.38,1868.225,10757.79,331.64
Rajasthan,2025,1,22.46,7.92,45.09,0.0,2955.18,1944.45,11043.02,225.015
Sikkim,2024,1,5.006129032258064,-4.698709677419354,74.67322580645161,4.41,0.0,0.0,48.19,0.0
Sikkim,2024,2,6.324137931034483,-4.460344827586207,68.0593103448276,12.04,0.0,0.0,30.7,0.0
Sikkim,2024,3,9.839032258064517,-0.1877419354838709,67.45032258064516,82.88,0.0,0.0,41.7,0.0
Sikkim,2024,4,14.035,2.458333333333333,61.57266666666667,44.0,0.0,0.0,75.24,0.0
Sikkim,2024,5,15.483548387096777,6.172580645161291,76.63032258064516,150.91,0.0,0.0,87.6,0.0
Sikkim,2024,6,17.340333333333334,10.327333333333334,89.58533333333334,606.22,0.0,0.0,230.69,0.0
Sikkim,2024,7,17.71548387096774,11.469032258064518,92.49451612903223,463.03,0.0,0.0,350.62,0.0
Sikkim,2024,8,17.388387096774192,10.103225806451611,89.63774193548387,277.29,0.0,0.0,341.83,0.0
Sikkim,2024,9,16.684333333333335,9.303,89.06266666666667,519.28,0.0,0.0,287.27,0.0
Sikkim,2024,10,14.369677419354838,6.758387096774193,87.70838709677419,99.02,0.0,0.0,274.83,0.0
Sikkim,2024,11,10.601333333333336,2.345,83.41733333333333,1.79,0.0,0.0,130.2,0.0
Sikkim,2024,12,8.438064516129032,-1.1290322580645162,69.53032258064516,1.74,0.0,0.0,89.45,0.0
Sikkim,2025,1,8.71,-2.45,65.32,0.0,0.0,0.0,62.45,0.0
Tamil Nadu,2024,1,28.166451612903224,22.26483870967742,79.86258064516129,56.79,3171.945,472.555,9975.4,314.40500000000003
Tamil Nadu,2024,2,31.193103448275863,22.996206896551723,74.67586206896551,0.05,3373.695,550.845,9907.37,392.435
Tamil Nadu,2024,3,35.10612903225806,24.13806451612903,64.20483870967742,0.03,3725.43,627.35,10317.57,167.11
Tamil Nadu,2024,4,38.27,26.639333333333333,61.132666666666665,0.2,3622.08,651.685,10515.29,221.73
Tamil Nadu,2024,5,36.81612903225806,28.66709677419355,64.72870967741935,37.29,3547.28,587.09,11042.85,677.865
Tamil Nadu,2024,6,33.90133333333333,26.284,70.73700000000001,192.78,3050.445,615.675,10850.59,1176.335
Tamil Nadu,2024,7,33.991290322580646,25.605483870967745,72.71032258064515,163.89,3021.12,625.6650000000001,13208.22,1907.835
Tamil Nadu,2024,8,31.97322580645161,26.073870967741936,80.11709677419356,173.2,2973.215,688.66,11830.49,1039.6
Tamil Nadu,2024,9,32.962666666666664,25.55033333333333,75.90966666666667,99.31,3063.075,739.825,13033.53,1561.74
Tamil Nadu,2024,10,30.878064516129037,25.697741935483872,80.62774193548387,290.63,3214.155,647.945,10543.53,342.005
Tamil Nadu,2024,11,28.849,24.628666666666668,84.57633333333334,383.35,2737.165,509.23,9245.91,247.565
Tamil Nadu,2024,12,28.15387096774193,23.60258064516129,86.6032258064516,226.35,2513.495,588.845,9211.41,366.53
Tamil Nadu,2025,1,27.49,22.28,83.31,0.0,2703.065,617.89,9973.75,542.265
Telangana,2024,1,30.35225806451613,16.613225806451613,59.564193548387095,0.0,2758.875,292.0,6164.82,11.6
Telangana,2024,2,34.38310344827586,18.527931034482755,45.51758620689655,0.0,2489.34,320.96500000000003,5630.12,9.665
Telangana,2024,3,37.55516129032258,22.728064516129034,37.78548387096774,4.529999999999999,2857.595,350.595,6401.44,10.095
Telangana,2024,4,40.681,26.316666666666663,32.39933333333333,3.22,2665.45,327.735,5938.65,10.245
Telangana,2024,5,38.83870967741935,25.836451612903225,50.70322580645161,87.94,2737.38,345.68,6110.55,11.23
Telangana,2024,6,33.24133333333334,24.133,69.47266666666665,118.18,2453.415,287.02,5433.35,14.55
Telangana,2024,7,30.448709677419355,22.904838709677417,78.36580645161291,170.74,2082.655,212.715,4819.69,29.62
Telangana,2024,8,29.836129032258064,23.14903225806452,83.6690322580645,240.31,2067.465,264.625,5918.27,15.415
Telangana,2024,9,28.923,22.005333333333333,85.872,219.91,2227.84,250.715,6213.23,14.145
Telangana,2024,10,28.85322580645161,21.68903225806452,86.00225806451614,62.02,2389.985,285.37,6710.08,6.185
Telangana,2024,11,27.19233333333333,16.104666666666667,79.25933333333334,8.03,2151.945,289.875,5317.07,8.615
Telangana,2024,12,28.220645161290324,16.916129032258063,72.91064516129032,11.97,2240.2,250.74,5112.6,9.305
Telangana,2025,1,28.06,14.63,65.44,0.0,2688.83,326.645,6178.86,10.65
Tripura,2024,1,23.21322580645161,10.989032258064515,75.59903225806453,4.46,0.0,0.24,497.57,0.0
Tripura,2024,2,27.683103448275865,14.649310344827583,63.6251724137931,43.27,0.0,0.325,445.74,0.0
Tripura,2024,3,31.94903225806452,18.69935483870968,59.40193548387097,115.32,0.0,0.355,465.79,0.0
Tripura,2024,4,37.304,24.21333333333333,64.39233333333333,88.61,0.0,0.345,430.84,0.0
Tripura,2024,5,33.80225806451613,25.575161290322583,76.97258064516129,497.27,0.0,0.315,438.41,0.0
Tripura,2024,6,31.94366666666667,26.456,89.26666666666667,625.55,0.0,0.255,416.08,0.0
Tripura,2024,7,32.20193548387097,26.19967741935484,89.2658064516129,319.81,0.0,0.31,409.13,0.0
Tripura,2024,8,30.614193548387096,25.679677419354835,90.83258064516129,710.62,0.0,0.25,423.91,0.0
Tripura,2024,9,31.598333333333336,25.674666666666667,87.981,276.47,0.0,0.275,413.55,0.0
Tripura,2024,10,30.348064516129032,24.006129032258062,86.06645161290322,492.54,0.0,0.32,433.27,0.0
Tripura,2024,11,27.505333333333333,18.338,80.6,25.84,0.0,0.325,406.83,0.0
Tripura,2024,12,23.818064516129034,12.901290322580644,78.22387096774193,1.74,0.0,0.32,445.31,0.0
Tripura,2025,1,23.2,11.41,82.75,0.0,0.0,0.3,431.09,0.0
Uttar Pradesh,2024,1,21.72451612903226,7.717096774193548,51.74709677419355,3.1,6453.395,103.35,13892.41,0.0
Uttar Pradesh,2024,2,26.57448275862069,10.978620689655171,41.720689655172414,13.56,5686.065,171.50500000000002,12513.74,0.0
Uttar Pradesh,2024,3,33.19967741935484,16.068709677419356,34.67677419354839,22.28,6453.94,231.035,14098.12,0.0
Uttar Pradesh,2024,4,40.856,24.29133333333333,19.59433333333333,0.14,6972.634999999999,234.55,15076.72,0.0
Uttar Pradesh,2024,5,42.7616129032258,27.92806451612903,24.89258064516129,6.21,7637.200000000001,239.835,16391.72,0.0
Uttar Pradesh,2024,6,43.632666666666665,31.52733333333333,32.787333333333336,187.17,7380.805,212.64,15739.29,0.0
Uttar Pradesh,2024,7,32.76774193548388,26.946129032258067,85.79967741935484,427.59,7401.715,185.19,15535.3,0.0
Uttar Pradesh,2024,8,31.69677419354839,25.826451612903227,86.25645161290322,257.81,6767.745,189.625,14414.75,0.0
Uttar Pradesh,2024,9,31.11233333333333,24.987666666666662,87.71966666666667,240.48,6253.73,181.81,13495.03,0.0
Uttar Pradesh,2024,10,30.44322580645161,21.169032258064515,80.38000000000001,4.14,7070.185,211.825,15112.9,0.0
Uttar Pradesh,2024,11,27.45,14.98,67.80366666666666,0.0,5725.25,177.34,12467.59,0.0
Uttar Pradesh,2024,12,23.973870967741934,9.42516129032258,58.99645161290322,1.49,6135.485000000001,179.505,13467.27,0.0
Uttar Pradesh,2025,1,22.32,5.69,50.83,0.0,6507.63,178.13500000000002,14315.4,0.0
Uttarakhand,2024,1,15.793548387096775,4.798387096774194,50.803548387096775,2.66,0.0,15.435,859.21,0.0
Uttarakhand,2024,2,16.31793103448276,4.754827586206897,52.591379310344834,51.54,0.0,15.65,756.5,0.0
Uttarakhand,2024,3,21.718064516129036,10.011612903225808,51.542258064516126,75.48,0.0,15.35,907.63,0.0
Uttarakhand,2024,4,27.625666666666667,14.547,40.065333333333335,18.66,0.0,15.13,1059.47,0.0
Uttarakhand,2024,5,33.41870967741936,18.622903225806454,32.406129032258065,12.33,0.0,14.705,1569.63,0.0
Uttarakhand,2024,6,35.001,22.122,39.51,68.66,0.0,14.73,1527.84,0.0
Uttarakhand,2024,7,27.716451612903228,21.30516129032258,85.35,434.49,0.0,14.43,2293.83,0.0
Uttarakhand,2024,8,25.513870967741934,20.65741935483871,89.6609677419355,413.31,0.0,14.415,2335.65,0.0
Uttarakhand,2024,9,25.6,19.30633333333333,86.77666666666667,250.34,0.0,14.39,2455.11,0.0
Uttarakhand,2024,10,24.29,15.013225806451612,72.41129032258064,2.96,0.0,14.875,1319.4,0.0
Uttarakhand,2024,11,20.037333333333333,10.837,64.609,0.0,0.0,15.39,883.66,0.0
Uttarakhand,2024,12,16.50483870967742,5.945806451612903,51.98096774193549,36.88,0.0,15.32,925.11,0.0
Uttarakhand,2025,1,18.75,6.28,44.95,0.0,0.0,15.64,762.51,0.0
West Bengal,2024,1,23.553870967741933,10.611935483870967,71.5241935483871,15.510000000000002,3755.53,4.815,7746.56,0.0
West Bengal,2024,2,29.39793103448276,15.45310344827586,61.85413793103448,21.21,3677.675,9.11,7565.81,0.0
West Bengal,2024,3,34.58419354838709,20.390645161290323,56.1841935483871,44.15,4126.79,10.89,8463.55,0.0
West Bengal,2024,4,42.23333333333333,26.131666666666668,45.321000000000005,3.03,3990.41,11.975,8191.04,0.0
West Bengal,2024,5,37.56612903225806,27.236451612903227,66.91258064516128,264.83,3999.285,12.15,8240.98,0.0
West Bengal,2024,6,34.905,27.735,79.28466666666667,102.53,4070.905,11.47,8450.81,0.0
West Bengal,2024,7,33.001290322580644,27.075161290322583,85.03870967741935,304.49,3916.445,9.165,8189.62,0.0
West Bengal,2024,8,30.801935483870967,26.418709677419358,90.18451612903225,474.95,3701.645,7.85,7804.64,0.0
West Bengal,2024,9,30.800666666666665,26.283,90.20133333333334,402.81,3775.135,12.575,7922.51,0.0
West Bengal,2024,10,30.30903225806452,24.62967741935484,88.14258064516129,236.12,4206.92,14.38,8798.22,0.0
West Bengal,2024,11,27.513,17.932666666666666,79.449,6.19,3788.63,14.795,7826.05,0.0
West Bengal,2024,12,24.32709677419355,13.12,78.61387096774195,7.52,3861.28,14.055,7954.59,0.0
West Bengal,2025,1,22.09,9.56,81.13,0.0,3903.925,15.465,8050.61,0.0
